,ID,Symbol,TIMESTAMP,OPEN,HIGH,LOW,CLOSE,TOTTRDQTY,TOTTRDVAL,TOTALTRADES,UP_DOWN,CHNAGE_%,SMA_14,SMA_21,SMA_50,SMA_200,ABT_cases
4716,65338.0,IRCTC,20210412,1680.2,1697.7,1573.45,1582.0,2807259.0,4536632128.8,175471.0,-,0,1582.0,1582.0,1582.0,1582.0,0
5160,71094.0,IRCTC,20210413,1582.05,1623.0,1582.05,1611.65,1226264.0,1968908375.4,61428.0,UP,1.87,1596.825,1596.825,1596.825,1596.825,0
5757,81617.0,IRCTC,20210415,1592.1,1632.9,1589.0,1608.1,1158163.0,1861925084.65,44369.0,DOWN,-0.22,1600.5833333333333,1600.5833333333333,1600.5833333333333,1600.5833333333333,0
6221,86389.0,IRCTC,20210416,1611.0,1638.1,1606.0,1627.45,968083.0,1572729716.7,35026.0,UP,1.2,1607.3,1607.3,1607.3,1607.3,0
6470,103154.0,IRCTC,20210419,1550.0,1620.0,1550.0,1612.7,1193238.0,1903454690.85,53779.0,DOWN,-0.91,1608.3799999999999,1608.3799999999999,1608.3799999999999,1608.3799999999999,0
7319,107489.0,IRCTC,20210420,1616.0,1648.95,1616.0,1640.05,1143229.0,1873038874.2,45580.0,UP,1.7,1613.6583333333335,1613.6583333333335,1613.6583333333335,1613.6583333333335,0
7415,118515.0,IRCTC,20210422,1614.0,1681.0,1614.0,1673.05,988502.0,1637428445.9,47174.0,UP,2.01,1622.142857142857,1622.142857142857,1622.142857142857,1622.142857142857,0
8009,124751.0,IRCTC,20210423,1670.0,1717.9,1661.0,1712.0,1629474.0,2776197737.95,65406.0,UP,2.33,1633.375,1633.375,1633.375,1633.375,0
8587,142038.0,IRCTC,20210426,1721.9,1739.25,1718.0,1730.85,791759.0,1368879536.35,32355.0,UP,1.1,1644.2055555555555,1644.2055555555555,1644.2055555555555,1644.2055555555555,0
8806,146827.0,IRCTC,20210427,1730.0,1802.6,1714.65,1793.2,2259767.0,3999316109.1,79388.0,UP,3.6,1659.105,1659.105,1659.105,1659.105,0
9564,152574.0,IRCTC,20210428,1800.0,1818.0,1775.0,1795.85,1538029.0,2766575416.9,57849.0,UP,0.15,1671.5363636363638,1671.5363636363638,1671.5363636363638,1671.5363636363638,0
9979,158798.0,IRCTC,20210429,1801.0,1818.0,1765.3,1792.55,1212095.0,2173697784.9,47572.0,DOWN,-0.18,1681.6208333333334,1681.6208333333334,1681.6208333333334,1681.6208333333334,0
10371,164559.0,IRCTC,20210430,1784.9,1809.15,1757.75,1791.4,756655.0,1350659357.25,29408.0,DOWN,-0.06,1690.0653846153846,1690.0653846153846,1690.0653846153846,1690.0653846153846,0
10992,16523.0,IRCTC,20210503,1761.0,1781.95,1753.0,1765.55,773316.0,1365310978.45,35310.0,DOWN,-1.44,1695.457142857143,1695.457142857143,1695.457142857143,1695.457142857143,0
11182,22243.0,IRCTC,20210504,1785.0,1789.05,1761.0,1770.2,586043.0,1037814291.2,24663.0,UP,0.26,1708.8999999999999,1700.4399999999998,1700.4399999999998,1700.4399999999998,CROSSED_2
11682,27491.0,IRCTC,20210505,1775.0,1782.95,1715.0,1723.65,1215718.0,2103100070.6,51758.0,DOWN,-2.63,1716.8999999999999,1701.890625,1701.890625,1701.890625,CROSSED_2
12481,33247.0,IRCTC,20210506,1735.5,1744.0,1716.05,1725.2,477236.0,824859437.35,19807.0,UP,0.09,1725.2642857142857,1703.2617647058823,1703.2617647058823,1703.2617647058823,CROSSED_2
12610,40453.0,IRCTC,20210507,1700.0,1709.85,1681.5,1693.4,831099.0,1409241149.55,43980.0,DOWN,-1.84,1729.975,1702.7138888888887,1702.7138888888887,1702.7138888888887,CROSSED_2
13010,58630.0,IRCTC,20210510,1700.0,1757.5,1690.95,1748.65,1028911.0,1783534352.35,41987.0,UP,3.26,1739.685714285714,1705.1315789473683,1705.1315789473683,1705.1315789473683,CROSSED_2
13592,63929.0,IRCTC,20210511,1725.0,1800.4,1723.05,1792.3,1297267.0,2298948174.15,52090.0,UP,2.5,1750.560714285714,1709.4900000000002,1709.4900000000002,1709.4900000000002,CROSSED_2
13939,68688.0,IRCTC,20210512,1799.0,1829.0,1732.8,1746.6,1627887.0,2863503533.35,72740.0,DOWN,-2.55,1755.814285714286,1711.257142857143,1711.257142857143,1711.257142857143,CROSSED_2
14752,80209.0,IRCTC,20210514,1760.0,1774.0,1730.0,1747.65,1171451.0,2056606897.3,46480.0,UP,0.06,1758.3607142857143,1719.1452380952383,1712.9113636363638,1712.9113636363638,CROSSED_2
14912,95962.0,IRCTC,20210517,1763.15,1781.0,1743.0,1762.1,774812.0,1368367887.8,32543.0,UP,0.83,1760.5928571428574,1726.3095238095239,1715.05,1715.05,CROSSED_2
15526,101242.0,IRCTC,20210518,1780.0,1842.75,1770.25,1835.05,1905360.0,3465228733.45,74825.0,UP,4.14,1763.582142857143,1737.1166666666666,1720.05,1720.05,CROSSED_2
15914,106054.0,IRCTC,20210519,1844.0,1884.95,1840.0,1858.1,2098770.0,3915073699.4,82675.0,UP,1.26,1768.0285714285712,1748.1000000000004,1725.5720000000001,1725.5720000000001,CROSSED_2
16552,111322.0,IRCTC,20210520,1862.0,1870.4,1822.8,1855.65,959830.0,1781320444.6,41733.0,DOWN,-0.13,1772.5357142857142,1759.6690476190474,1730.5749999999998,1730.5749999999998,CROSSED_2
16965,117113.0,IRCTC,20210521,1860.0,1894.7,1850.05,1862.0,1200153.0,2253288564.0,52869.0,UP,0.34,1777.5785714285716,1770.2380952380952,1735.4425925925925,1735.4425925925925,CROSSED_2
17548,134341.0,IRCTC,20210524,1870.0,1902.8,1867.4,1884.5,1271177.0,2401864440.95,55091.0,UP,1.21,1786.075,1780.3071428571427,1740.7660714285714,1740.7660714285714,CROSSED_2
17773,140122.0,IRCTC,20210525,1901.5,1914.0,1890.0,1907.95,989516.0,1883234264.9,50391.0,UP,1.24,1795.9142857142858,1789.6380952380953,1746.5310344827587,1746.5310344827587,CROSSED_2
18284,144910.0,IRCTC,20210526,1920.0,1930.05,1888.0,1894.05,922757.0,1763254113.8,43875.0,DOWN,-0.73,1808.0857142857144,1797.4095238095238,1751.4483333333333,1751.4483333333333,CROSSED_2
18741,150669.0,IRCTC,20210527,1900.0,1941.15,1876.0,1928.35,2284298.0,4384482971.25,66325.0,UP,1.81,1822.5964285714285,1803.845238095238,1757.1548387096775,1757.1548387096775,CROSSED_2
19294,157392.0,IRCTC,20210528,1928.0,1928.35,1888.85,1896.25,671277.0,1279346998.55,41579.0,DOWN,-1.66,1837.0857142857144,1808.6261904761905,1761.5015625,1761.5015625,CROSSED_2
19824,172656.0,IRCTC,20210531,1909.85,1919.0,1897.15,1903.2,497158.0,948148576.65,25792.0,UP,0.37,1848.125,1813.8952380952383,1765.7954545454545,1765.7954545454545,CROSSED_2
20045,4052.0,IRCTC,20210601,1911.8,1922.65,1888.0,1894.6,419742.0,797888437.15,23610.0,DOWN,-0.45,1855.4321428571427,1818.8095238095239,1769.5838235294118,1769.5838235294118,CROSSED_2
20485,9286.0,IRCTC,20210602,1899.95,1927.5,1895.25,1917.95,576755.0,1103815767.3,27337.0,UP,1.23,1867.6714285714284,1826.0666666666668,1773.8228571428572,1773.8228571428572,CROSSED_2
20940,15068.0,IRCTC,20210603,1928.0,1948.6,1916.0,1921.8,549947.0,1059659308.7,31093.0,UP,0.2,1880.1107142857143,1833.2857142857142,1777.9333333333334,1777.9333333333334,CROSSED_2
21695,21287.0,IRCTC,20210604,1937.0,1937.0,1913.55,1921.7,359621.0,691923783.05,20953.0,DOWN,-0.01,1891.5107142857141,1842.7166666666667,1781.818918918919,1781.818918918919,CROSSED_2
22079,38996.0,IRCTC,20210607,1939.0,2113.85,1926.7,2094.8,6144067.0,12617071282.15,218051.0,UP,9.01,1910.064285714286,1860.3166666666668,1790.0552631578948,1790.0552631578948,CROSSED_2
22460,45720.0,IRCTC,20210608,2130.95,2184.0,2122.0,2144.85,6490285.0,13999800911.95,237750.0,UP,2.39,1930.5464285714286,1881.8142857142857,1799.152564102564,1799.152564102564,CROSSED_2
22797,51403.0,IRCTC,20210609,2160.0,2163.0,2060.0,2071.2,2335741.0,4915474647.15,103705.0,DOWN,-3.43,1945.9428571428573,1897.1738095238095,1805.95375,1805.95375,CROSSED_2
23416,57179.0,IRCTC,20210610,2093.5,2121.0,2051.65,2106.35,1795502.0,3763770412.45,72054.0,UP,1.7,1963.3964285714285,1912.1285714285714,1813.280487804878,1813.280487804878,CROSSED_2
23839,62978.0,IRCTC,20210611,2115.0,2132.0,2081.0,2093.75,844059.0,1779290319.45,49038.0,DOWN,-0.6,1978.3428571428572,1928.6595238095238,1819.9583333333333,1819.9583333333333,CROSSED_2
24377,78758.0,IRCTC,20210614,2089.95,2092.0,2025.0,2064.4,1002396.0,2063886599.55,73649.0,DOWN,-1.4,1989.517857142857,1943.742857142857,1825.643023255814,1825.643023255814,CROSSED_2
24658,83992.0,IRCTC,20210615,2071.0,2139.85,2062.0,2097.95,1912498.0,4043645748.45,97657.0,UP,1.63,2004.0821428571428,1959.735714285714,1831.8318181818183,1831.8318181818183,CROSSED_2
25428,89220.0,IRCTC,20210616,2109.45,2121.95,2075.3,2089.95,856943.0,1802299614.55,45820.0,DOWN,-0.38,2015.625,1971.8738095238098,1837.5677777777778,1837.5677777777778,CROSSED_2
25783,94511.0,IRCTC,20210617,2070.0,2088.95,2036.4,2050.4,754284.0,1556391956.4,44446.0,DOWN,-1.89,2026.6357142857144,1981.0309523809522,1842.1945652173913,1842.1945652173913,CROSSED_2
25980,100782.0,IRCTC,20210618,2070.25,2070.25,1978.65,2011.7,1304337.0,2622648363.1,76283.0,DOWN,-1.89,2034.3857142857144,1988.4619047619049,1845.8010638297872,1845.8010638297872,CROSSED_2
26526,115662.0,IRCTC,20210621,2000.0,2093.75,1981.15,2076.85,1693260.0,3488603472.05,76320.0,UP,3.24,2047.4035714285715,1998.6928571428573,1850.6145833333333,1850.6145833333333,CROSSED_2
26988,121887.0,IRCTC,20210622,2100.0,2128.35,2075.0,2083.0,1285749.0,2707660777.45,61282.0,UP,0.3,2059.192857142857,2008.1452380952383,1855.357142857143,1855.357142857143,CROSSED_2
27539,127589.0,IRCTC,20210623,2102.0,2111.4,2072.0,2078.25,809624.0,1691756399.25,37646.0,DOWN,-0.23,2070.3678571428572,2016.2547619047618,1859.815,1859.815,CROSSED_2
27776,132889.0,IRCTC,20210624,2098.0,2098.0,2066.0,2072.95,541514.0,1127284454.8,25749.0,DOWN,-0.26,2081.171428571429,2024.7738095238096,1869.634,1863.9941176470588,CROSSED_2
28497,139169.0,IRCTC,20210625,2084.35,2088.5,2053.1,2068.85,475822.0,985364846.5,26908.0,DOWN,-0.2,2079.317857142857,2031.4642857142858,1878.7780000000002,1867.933653846154,CROSSED_2
29107,155939.0,IRCTC,20210628,2084.0,2112.45,2068.4,2077.75,707732.0,1477616845.8,34555.0,UP,0.43,2074.525,2040.107142857143,1888.171,1871.8924528301886,CROSSED_2
29307,161687.0,IRCTC,20210629,2092.0,2126.9,2065.05,2081.85,1673477.0,3517714033.5,72968.0,UP,0.2,2075.285714285714,2048.614285714286,1897.259,1875.7805555555553,CROSSED_2
29824,166912.0,IRCTC,20210630,2060.55,2103.75,2021.45,2033.85,2562914.0,5249889353.95,112807.0,DOWN,-2.31,2070.1071428571427,2055.245238095238,1905.682,1878.6545454545455,CROSSED_2
30255,3090.0,IRCTC,20210701,2047.8,2058.85,2030.3,2034.8,750998.0,1534466977.45,35130.0,UP,0.05,2065.8964285714287,2060.809523809524,1913.5770000000002,1881.4428571428573,CROSSED_2
30723,8824.0,IRCTC,20210702,2048.0,2068.95,2037.0,2060.55,522059.0,1070487060.75,25509.0,UP,1.27,2065.621428571428,2067.4166666666665,1921.3270000000002,1884.5850877192984,CROSSED_2
31223,26530.0,IRCTC,20210705,2084.0,2195.0,2068.15,2173.6,3150583.0,6730425916.75,118342.0,UP,5.49,2071.025,2079.4119047619047,1930.559,1889.568103448276,CROSSED_2
31404,31787.0,IRCTC,20210706,2200.0,2222.0,2160.0,2168.9,3840497.0,8422448505.7,156209.0,DOWN,-0.22,2076.6642857142856,2082.940476190476,1939.32,1894.3025423728814,CROSSED_2
32052,38035.0,IRCTC,20210707,2168.9,2199.0,2160.35,2188.45,1005371.0,2197934041.95,42144.0,UP,0.9,2086.525,2085.016666666667,1947.225,1899.2050000000002,CROSSED_2
32409,44759.0,IRCTC,20210708,2195.0,2248.0,2185.0,2193.9,2645206.0,5866291138.0,107832.0,UP,0.25,2099.5392857142856,2090.8595238095236,1955.1860000000001,1904.0360655737704,CROSSED_2
32761,50948.0,IRCTC,20210709,2193.9,2224.0,2168.45,2209.25,1483111.0,3263436336.5,65673.0,UP,0.7,2108.9964285714286,2095.7595238095237,1963.52,1908.9588709677419,CROSSED_2
33577,67727.0,IRCTC,20210712,2228.95,2271.9,2217.25,2262.9,2088571.0,4694672218.5,83881.0,UP,2.43,2121.8464285714285,2103.8142857142857,1972.95,1914.5769841269841,CROSSED_2
33896,73463.0,IRCTC,20210713,2273.0,2283.95,2256.15,2274.45,1717447.0,3903011150.0,71785.0,UP,0.51,2135.860714285714,2113.8166666666666,1983.1280000000002,1920.2,CROSSED_2
34265,77804.0,IRCTC,20210714,2281.9,2281.9,2245.55,2266.4,682352.0,1544403494.15,32206.0,DOWN,-0.35,2149.6785714285716,2121.8380952380953,1993.052,1925.5261538461539,CROSSED_2
34566,83038.0,IRCTC,20210715,2266.4,2297.1,2251.0,2268.3,891858.0,2027513236.9,38729.0,UP,0.08,2163.925,2130.330952380952,2003.945,1930.719696969697,CROSSED_2
35373,88765.0,IRCTC,20210716,2274.0,2457.4,2268.75,2426.65,6928019.0,16574830799.35,239961.0,UP,6.98,2188.8464285714285,2148.247619047619,2017.974,1938.1216417910448,CROSSED_2
35591,105093.0,IRCTC,20210719,2404.9,2456.0,2385.45,2424.5,2359576.0,5722658271.15,97532.0,DOWN,-0.09,2213.3214285714284,2167.904761904762,2032.5959999999998,1945.2742647058822,CROSSED_2
36294,109862.0,IRCTC,20210720,2436.0,2479.95,2370.0,2380.65,2488163.0,6041474811.1,113205.0,DOWN,-1.81,2238.092857142857,2182.3714285714286,2045.236,1951.5840579710143,CROSSED_2
36606,120934.0,IRCTC,20210722,2404.0,2417.05,2342.0,2365.15,1349303.0,3204330861.4,69436.0,DOWN,-0.65,2261.6892857142857,2195.807142857143,2056.6929999999998,1957.492142857143,CROSSED_2
37237,127134.0,IRCTC,20210723,2369.9,2382.45,2316.0,2325.35,1048692.0,2457639378.7,66857.0,DOWN,-1.68,2280.6035714285713,2207.57380952381,2068.268,1962.6732394366195,CROSSED_2
37426,143947.0,IRCTC,20210726,2334.5,2365.0,2302.05,2313.3,1306299.0,3049060474.45,70418.0,DOWN,-0.52,2290.5821428571426,2219.019047619048,2079.581,1967.5430555555556,CROSSED_2
37828,149207.0,IRCTC,20210727,2327.95,2347.0,2281.0,2295.55,926459.0,2142777416.7,47369.0,DOWN,-0.77,2299.628571428572,2229.8142857142857,2090.25,1972.036301369863,CROSSED_2
38606,154985.0,IRCTC,20210728,2305.0,2315.0,2262.85,2283.65,715806.0,1634806139.7,38809.0,DOWN,-0.52,2306.4285714285716,2239.6190476190477,2099.222,1976.247297297297,CROSSED_2
38862,160734.0,IRCTC,20210729,2287.8,2343.5,2286.0,2321.1,892458.0,2069116426.9,43753.0,UP,1.64,2315.514285714286,2251.0119047619046,2108.482,1980.8453333333332,CROSSED_2
39334,166458.0,IRCTC,20210730,2324.0,2362.0,2300.0,2331.3,871483.0,2034836046.95,45438.0,UP,0.44,2324.2321428571427,2265.17619047619,2117.995,1985.4565789473686,CROSSED_2
39693,6905.0,IRCTC,20210802,2469.0,2513.0,2422.35,2468.9,7333311.0,18159639087.05,323630.0,UP,5.9,2338.9464285714284,2285.847619047619,2130.1330000000003,1991.735064935065,CROSSED_2
40301,12656.0,IRCTC,20210803,2481.25,2497.5,2445.0,2467.85,1719629.0,4245032845.05,94432.0,DOWN,-0.04,2352.7607142857146,2305.2428571428572,2141.8,1997.8391025641026,CROSSED_2
40643,18403.0,IRCTC,20210804,2480.0,2535.0,2465.65,2491.15,2302562.0,5766659417.2,107577.0,UP,0.94,2368.8142857142857,2320.364285714286,2153.4640000000004,2004.0835443037975,CROSSED_2
40915,30367.0,IRCTC,20210806,2485.0,2504.6,2473.9,2487.6,710663.0,1770420959.75,36187.0,DOWN,-0.14,2384.4785714285713,2335.540476190476,2165.335,2010.1275,CROSSED_2
41782,49529.0,IRCTC,20210809,2500.4,2680.0,2497.35,2648.2,5434449.0,14112629450.8,227004.0,UP,6.46,2400.3035714285716,2357.4333333333334,2179.732,2018.004938271605,CROSSED_2
42062,54771.0,IRCTC,20210810,2665.0,2725.0,2620.0,2639.6,4543676.0,12156496834.45,205943.0,DOWN,-0.32,2415.667857142857,2378.657142857143,2194.599,2025.5853658536585,CROSSED_2
42528,60550.0,IRCTC,20210811,2656.95,2671.85,2528.0,2572.25,2973184.0,7668239731.35,152406.0,DOWN,-2.55,2429.3535714285713,2395.942857142857,2207.98,2032.171686746988,CROSSED_2
42840,66287.0,IRCTC,20210812,2593.95,2728.85,2572.25,2689.8,6068398.0,16134489744.85,279896.0,UP,4.57,2452.542857142857,2416.2714285714287,2223.884,2040.000595238095,CROSSED_2
43184,72043.0,IRCTC,20210813,2714.3,2714.3,2638.0,2660.7,2337717.0,6233266465.85,133252.0,DOWN,-1.08,2476.496428571428,2434.6642857142856,2238.739,2047.3029411764705,CROSSED_2
43852,86846.0,IRCTC,20210816,2673.8,2673.8,2612.0,2629.6,991262.0,2615861888.25,64249.0,DOWN,-1.17,2499.089285714286,2451.959523809524,2252.895,2054.0738372093024,CROSSED_2
44339,92101.0,IRCTC,20210817,2630.0,2695.0,2615.0,2669.6,1650724.0,4404425273.3,90804.0,UP,1.52,2525.8071428571425,2471.0690476190475,2267.853,2061.148850574713,CROSSED_2
44868,98353.0,IRCTC,20210818,2682.75,2750.0,2673.25,2719.05,2725954.0,7426073534.25,123167.0,UP,1.85,2556.907142857143,2484.9928571428572,2280.3379999999997,2068.625,CROSSED_2
45028,108440.0,IRCTC,20210820,2700.0,2713.0,2611.0,2646.3,1656007.0,4413992286.4,107298.0,DOWN,-2.68,2580.1357142857146,2495.554761904762,2290.367,2075.1157303370787,CROSSED_2
45902,125209.0,IRCTC,20210823,2665.0,2684.95,2535.55,2554.1,1711982.0,4423736671.9,114020.0,DOWN,-3.48,2596.05,2503.8142857142857,2300.025,2080.4377777777777,CROSSED_2
45912,130477.0,IRCTC,20210824,2570.0,2611.55,2540.0,2564.8,1399276.0,3589806094.1,75764.0,UP,0.42,2602.9,2513.3214285714284,2309.194,2085.76043956044,CROSSED_2
46597,136741.0,IRCTC,20210825,2576.9,2653.5,2570.75,2636.5,2516531.0,6595308947.9,113897.0,UP,2.8,2614.9464285714284,2528.138095238095,2320.049,2091.746739130435,CROSSED_2
47281,142993.0,IRCTC,20210826,2647.95,2663.9,2615.0,2621.7,1401991.0,3693500601.55,63537.0,DOWN,-0.56,2624.2714285714287,2542.82380952381,2331.195,2097.4451612903226,CROSSED_2
47311,147783.0,IRCTC,20210827,2625.0,2656.8,2605.0,2648.7,893221.0,2357730035.1,44075.0,UP,1.03,2635.7785714285715,2559.640476190476,2342.21,2103.309574468085,CROSSED_2
47933,165020.0,IRCTC,20210830,2668.0,2713.0,2659.0,2697.75,1328435.0,3575139666.0,66689.0,UP,1.85,2639.317857142857,2579.3595238095236,2354.366,2109.5668421052633,CROSSED_2
48576,170267.0,IRCTC,20210831,2711.0,2759.5,2701.0,2752.0,2050223.0,5621001501.8,94064.0,UP,2.01,2647.3464285714285,2599.8785714285714,2368.398,2116.258854166667,CROSSED_2
48785,5951.0,IRCTC,20210901,2755.0,2765.4,2718.0,2746.25,914965.0,2510404083.0,51025.0,DOWN,-0.21,2659.775,2619.6380952380955,2383.0890000000004,2122.7536082474226,CROSSED_2
49198,11702.0,IRCTC,20210902,2746.0,2858.0,2743.0,2829.95,2462818.0,6947884164.5,116241.0,UP,3.05,2669.785714285714,2636.8309523809526,2398.151,2129.9698979591835,CROSSED_2
49794,17456.0,IRCTC,20210903,2844.0,2897.3,2826.5,2869.9,1751547.0,5017102140.5,91634.0,UP,1.41,2684.7285714285713,2655.9761904761904,2413.889,2137.4439393939397,CROSSED_2
50348,34670.0,IRCTC,20210906,2885.6,3040.0,2879.15,3008.4,5060514.0,15125223771.55,226581.0,UP,4.83,2711.785714285714,2680.6071428571427,2432.492,2146.1535,CROSSED_2
50860,41381.0,IRCTC,20210907,3050.0,3305.0,3045.35,3286.9,11555311.0,37059261413.2,504281.0,UP,9.26,2755.878571428572,2718.669047619048,2456.771,2157.44801980198,CROSSED_2
51122,48110.0,IRCTC,20210908,3330.0,3422.65,3265.55,3296.4,8872794.0,29629762556.6,488020.0,UP,0.29,2797.1178571428572,2749.535714285714,2481.3219999999997,2168.6142156862743,CROSSED_2
51708,53816.0,IRCTC,20210909,3250.0,3358.0,3182.25,3295.0,5665215.0,18662492292.95,290068.0,DOWN,-0.04,2843.453571428571,2780.745238095238,2505.667,2179.5499999999997,CROSSED_2
52103,75890.0,IRCTC,20210913,3315.0,3450.7,3310.0,3435.75,4778463.0,16220692025.5,222973.0,UP,4.27,2906.4285714285716,2821.864285714286,2532.745,2191.628846153846,CROSSED_2
52717,81147.0,IRCTC,20210914,3487.0,3758.8,3476.0,3738.45,11821825.0,43124264453.45,538821.0,UP,8.81,2990.2607142857146,2871.7999999999997,2566.837,2206.360476190476,CROSSED_2
53186,85919.0,IRCTC,20210915,3794.0,3939.9,3652.25,3682.25,8556280.0,32142353403.5,531276.0,DOWN,-1.5,3064.957142857143,2920.445238095238,2599.786,2220.283962264151,CROSSED_2
53463,97401.0,IRCTC,20210917,3820.0,4019.7,3790.7,3863.4,12324159.0,48281603424.95,609559.0,UP,4.92,3153.65,2979.197619047619,2635.843,2235.6401869158876,CROSSED_2
54166,112757.0,IRCTC,20210920,3848.8,3848.8,3680.2,3707.9,4695511.0,17643961518.05,311091.0,DOWN,-4.02,3229.307142857143,3028.6404761904764,2666.5290000000005,2249.2722222222224,CROSSED_2
54226,118049.0,IRCTC,20210921,3728.65,3849.8,3550.0,3624.55,5303431.0,19299861172.85,391297.0,DOWN,-2.25,3295.5071428571428,3071.7595238095237,2695.6420000000003,2261.8894495412846,CROSSED_2
54920,124285.0,IRCTC,20210922,3674.0,3750.0,3640.5,3671.3,2908094.0,10743446936.45,215225.0,UP,1.29,3361.171428571429,3120.5690476190475,2725.2990000000004,2274.702272727273,CROSSED_2
55595,130016.0,IRCTC,20210923,3744.0,3759.0,3680.0,3694.05,1430787.0,5307918943.55,115976.0,UP,0.62,3428.871428571429,3174.852380952381,2755.302,2287.489189189189,CROSSED_2
55974,135785.0,IRCTC,20210924,3720.0,3736.0,3640.0,3689.25,1539638.0,5675802192.6,129672.0,DOWN,-0.13,3490.25,3228.397619047619,2784.902,2300.0049107142854,CROSSED_2
56472,152105.0,IRCTC,20210927,3735.1,3865.0,3701.0,3834.9,3722464.0,14084205672.8,232200.0,UP,3.95,3559.1785714285716,3285.464285714286,2816.342,2313.5880530973454,CROSSED_2
56710,158329.0,IRCTC,20210928,3895.0,3975.0,3782.0,3865.6,6577314.0,25649077907.8,381898.0,UP,0.8,3620.4071428571433,3344.6976190476194,2848.165,2327.202192982456,CROSSED_2
57191,164090.0,IRCTC,20210929,3858.9,3858.9,3755.55,3770.15,2579151.0,9791491346.0,197330.0,DOWN,-2.47,3654.9249999999997,3398.0999999999995,2878.24,2339.7495652173916,CROSSED_2
57854,169804.0,IRCTC,20210930,3820.0,3880.0,3777.2,3798.5,2924892.0,11179540355.15,198902.0,UP,0.75,3690.789285714286,3450.5166666666664,2908.844,2352.3250000000003,CROSSED_2
58043,5488.0,IRCTC,20211001,3777.0,3821.0,3733.15,3793.6,1599816.0,6050922476.9,116364.0,DOWN,-0.13,3726.4035714285715,3500.1166666666663,2936.183,2364.6435897435895,CROSSED_2
58797,23675.0,IRCTC,20211004,3812.6,4064.85,3808.4,4008.9,5278868.0,20822729665.35,270633.0,UP,5.68,3767.342857142857,3560.242857142857,2967.8709999999996,2378.577966101695,CROSSED_2
59132,28451.0,IRCTC,20211005,4085.0,4208.4,4005.0,4166.1,7369295.0,30359230779.25,399322.0,UP,3.92,3797.889285714286,3623.8690476190477,3003.58,2393.5991596638655,CROSSED_2
59747,34207.0,IRCTC,20211006,4199.0,4510.0,4180.0,4463.35,11716236.0,51535040850.1,614447.0,UP,7.13,3853.682142857143,3699.7476190476195,3045.5440000000003,2410.8470833333336,CROSSED_2
60193,40918.0,IRCTC,20211007,4598.0,4768.95,4525.05,4690.9,8645520.0,40007573748.55,480811.0,UP,5.1,3912.789285714286,3779.8666666666663,3092.855,2429.6904958677683,CROSSED_2
60513,47647.0,IRCTC,20211008,4824.0,4964.2,4721.1,4876.55,12273462.0,59769680769.95,658661.0,UP,3.96,3996.2642857142855,3855.564285714286,3144.12,2449.746721311475,CROSSED_2
60845,64870.0,IRCTC,20211011,4904.9,4928.5,4750.0,4772.55,6014937.0,29068534571.85,488792.0,DOWN,-2.13,4078.264285714286,3925.8571428571427,3193.66,2468.6313008130082,CROSSED_2
61661,70124.0,IRCTC,20211012,4765.0,4877.0,4725.0,4817.25,3279400.0,15813355327.35,237634.0,UP,0.94,4160.117857142857,3998.345238095238,3244.3320000000003,2487.5717741935487,CROSSED_2
61775,75418.0,IRCTC,20211013,4851.0,4960.0,4831.25,4928.8,3242132.0,15842686490.8,204331.0,UP,2.32,4248.314285714286,4069.442857142857,3296.486,2507.1016,CROSSED_2
62313,80675.0,IRCTC,20211014,5004.0,5594.0,4990.0,5463.55,14235420.0,76632914160.55,799894.0,UP,10.85,4375.05,4151.590476190476,3359.1310000000003,2530.565476190476,CROSSED_2
62691,102684.0,IRCTC,20211018,5594.0,5967.0,5575.05,5877.7,7938916.0,45785753565.25,601990.0,UP,7.58,4520.964285714286,4256.135714285714,3427.3070000000002,2556.9208661417324,CROSSED_2
63116,107019.0,IRCTC,20211019,6175.0,6396.3,4996.05,5454.85,14861150.0,90833825691.6,1216121.0,DOWN,-7.19,4634.482142857143,4331.919047619048,3487.047,2579.5609375,CROSSED_2
63973,112287.0,IRCTC,20211020,4909.4,4999.8,4377.3,4434.35,19666785.0,90776691116.9,1859218.0,DOWN,-18.71,4681.925000000001,4366.5119047619055,3525.9110000000005,2593.939147286822,CROSSED_2
64270,117579.0,IRCTC,20211021,4440.7,4750.0,4414.1,4573.25,9272239.0,42142744761.45,998017.0,UP,3.13,4737.264285714286,4411.688095238096,3567.6240000000003,2609.1646153846154,CROSSED_2
64502,123815.0,IRCTC,20211022,4628.0,4680.0,4450.05,4622.55,5604504.0,25698518905.95,541832.0,UP,1.08,4796.474999999999,4456.9857142857145,3607.111,2624.533969465649,CROSSED_2
65423,141568.0,IRCTC,20211025,4685.0,4685.0,3961.1,4022.35,7773301.0,32086817666.1,794098.0,DOWN,-12.98,4797.435714285714,4472.619047619048,3634.7660000000005,2635.1234848484846,CROSSED_2
65455,146356.0,IRCTC,20211026,4068.0,4400.0,4051.0,4189.5,8202241.0,34780699204.5,710560.0,UP,4.16,4799.107142857143,4496.440476190476,3667.111,2646.8105263157895,CROSSED_2
66002,151636.0,IRCTC,20211027,4250.5,4334.8,4033.75,4130.15,5358793.0,22223413210.7,512531.0,DOWN,-1.42,4775.307142857143,4510.5,3695.9179999999997,2657.880223880597,CROSSED_2
66649,157860.0,IRCTC,20211028,817.0,983.0,810.0,913.5,59298778.0,54875931755.65,1928611.0,DOWN,-77.88,4505.492857142857,4369.923809523809,3660.974,2644.958888888889,CROSSED_2
67059,163621.0,IRCTC,20211029,822.15,906.45,639.45,845.7,82848030.0,66550441966.5,2259771.0,DOWN,-7.42,4217.575,4230.664285714286,3625.2960000000003,2631.7290441176474,CROSSED_2
67435,5019.0,IRCTC,20211101,874.2,885.0,809.25,855.45,29989312.0,25341524475.55,902975.0,UP,1.15,3937.7821428571433,4090.5190476190483,3589.013,2618.763503649635,CROSSED_2
68043,11237.0,IRCTC,20211102,868.4,868.8,844.25,848.2,9742650.0,8318599198.2,308817.0,DOWN,-0.85,3654.2785714285715,3950.2619047619046,3551.5959999999995,2605.9333333333334,CROSSED_2
68469,16991.0,IRCTC,20211103,840.0,848.9,815.1,819.85,10088006.0,8371862868.9,338884.0,DOWN,-3.34,3360.782142857143,3798.4023809523815,3515.067,2593.0838129496406,0
68882,23206.0,IRCTC,20211104,828.25,828.25,820.0,822.25,2229843.0,1836661983.6,132880.0,UP,0.29,3029.2607142857146,3639.171428571429,3480.43,2580.435,0
69682,47178.0,IRCTC,20211108,819.0,840.0,779.85,832.85,11974709.0,9869768136.8,372900.0,UP,1.29,2668.9142857142856,3466.2904761904756,3445.791,2568.040780141844,0
69953,53351.0,IRCTC,20211109,835.0,858.0,834.0,856.0,9656004.0,8202951300.25,254350.0,UP,2.78,2340.425,3283.67619047619,3410.1810000000005,2555.9841549295775,WILL_CROSS_1
70370,59594.0,IRCTC,20211110,856.0,866.0,847.0,849.85,6275409.0,5368906876.85,183996.0,DOWN,-0.72,2084.389285714286,3091.9285714285716,3374.7439999999997,2544.0531468531467,WILL_CROSS_1
70734,64398.0,IRCTC,20211111,849.0,856.0,835.0,847.3,4924717.0,4162008793.3,155640.0,DOWN,-0.3,1818.25,2905.0119047619046,3338.7160000000003,2532.270138888889,WILL_CROSS_1
71573,69653.0,IRCTC,20211112,853.0,876.0,847.0,864.85,9255302.0,7984293017.5,231605.0,UP,2.07,1549.8428571428572,2716.802380952381,3302.0580000000004,2520.770689655172,WILL_CROSS_1
71963,85445.0,IRCTC,20211115,877.95,923.0,869.0,903.4,21402501.0,19398325587.9,521896.0,UP,4.46,1327.060714285714,2525.1166666666663,3265.0860000000002,2509.6928082191785,WILL_CROSS_1
72098,91171.0,IRCTC,20211116,915.8,929.0,911.35,921.05,9298944.0,8565200849.0,251460.0,UP,1.95,1093.6,2308.807142857143,3228.5820000000003,2498.8857142857146,WILL_CROSS_1
72735,96930.0,IRCTC,20211117,925.0,928.7,900.1,903.6,7189458.0,6543131230.05,242672.0,DOWN,-1.89,863.1321428571429,2071.945238095238,3190.055,2488.1067567567566,WILL_CROSS_1
73088,102210.0,IRCTC,20211118,903.5,905.9,871.1,890.65,7714073.0,6837484445.6,250691.0,DOWN,-1.43,861.5,1854.602380952381,3150.47,2477.385570469799,WILL_CROSS_1
73626,123341.0,IRCTC,20211122,912.0,919.7,872.35,886.75,11376478.0,10187628264.45,335137.0,DOWN,-0.44,864.4321428571428,1685.6690476190477,3108.0370000000003,2466.7813333333334,WILL_CROSS_1
74018,129542.0,IRCTC,20211123,877.0,897.6,872.6,892.8,6078636.0,5404058595.9,171306.0,UP,0.68,867.1,1510.409523809524,3060.1550000000007,2456.3576158940396,WILL_CROSS_1
74529,135311.0,IRCTC,20211124,898.0,901.7,853.1,862.8,7679846.0,6764360722.6,227911.0,DOWN,-3.36,868.1428571428571,1331.3738095238095,3011.4829999999997,2445.8736842105263,WILL_CROSS_1
75224,141091.0,IRCTC,20211125,863.0,874.5,835.65,865.55,9169669.0,7820037651.0,260928.0,UP,0.32,871.4071428571427,1181.05,2962.894,2435.54477124183,WILL_CROSS_1
75407,145879.0,IRCTC,20211126,849.0,854.95,820.0,823.05,10211011.0,8539598189.05,372118.0,DOWN,-4.91,871.4642857142857,1020.742857142857,2910.64,2425.074025974026,WILL_CROSS_1
76084,163144.0,IRCTC,20211129,786.0,801.0,750.55,775.8,13888743.0,10856067033.7,485110.0,DOWN,-5.74,867.3892857142857,861.0119047619046,2851.387,2414.433548387097,WILL_CROSS_1
76733,169330.0,IRCTC,20211130,790.3,819.9,787.6,795.15,37176726.0,29690867859.1,402139.0,UP,2.49,863.0428571428572,855.3761904761906,2793.645,2404.0535256410253,WILL_CROSS_1
77280,1687.0,IRCTC,20211201,809.0,817.0,796.35,811.95,6448797.0,5198613259.5,160741.0,UP,2.11,860.3357142857143,853.7690476190477,2732.616,2393.912738853503,WILL_CROSS_1
77337,7870.0,IRCTC,20211202,815.25,825.0,803.0,821.25,4869021.0,3956228476.5,122710.0,UP,1.15,858.475,852.1404761904762,2674.883,2383.95917721519,WILL_CROSS_1
77818,13621.0,IRCTC,20211203,819.0,831.45,810.0,819.9,4777395.0,3926672679.2,120039.0,DOWN,-0.16,855.2642857142856,850.7928571428571,2618.79,2374.122327044025,WILL_CROSS_1
78280,30833.0,IRCTC,20211206,815.0,819.5,798.2,801.4,4473930.0,3623319283.05,125738.0,DOWN,-2.26,847.9785714285714,849.9142857142857,2561.3920000000003,2364.2928125,WILL_CROSS_1
78755,36594.0,IRCTC,20211207,809.95,829.8,807.0,823.05,4528051.0,3705981454.9,106886.0,UP,2.7,840.9785714285715,849.952380952381,2503.972,2354.7198757763977,WILL_CROSS_1
79468,43805.0,IRCTC,20211208,830.5,856.7,829.05,851.4,7190775.0,6098979619.8,173391.0,UP,3.44,837.25,850.8357142857143,2447.215,2345.44012345679,WILL_CROSS_1
80103,49995.0,IRCTC,20211209,856.0,863.0,841.55,856.85,5118754.0,4372924791.65,114670.0,UP,0.64,834.8357142857143,850.8761904761903,2387.6540000000005,2336.307668711657,WILL_CROSS_1
80415,55737.0,IRCTC,20211210,851.0,869.95,850.0,857.95,4358630.0,3749740362.55,105156.0,UP,0.13,832.7785714285714,851.2619047619048,2327.501,2327.2932926829267,WILL_CROSS_1
81008,72509.0,IRCTC,20211213,862.5,878.2,856.25,858.7,4485978.0,3892020892.65,107118.0,UP,0.09,830.3428571428573,851.804761904762,2269.272,2318.3927272727274,WILL_CROSS_1
81225,76363.0,IRCTC,20211214,860.0,860.0,843.0,855.05,3374432.0,2872638664.65,91538.0,DOWN,-0.43,829.7892857142857,851.3380952380952,2210.4030000000002,2309.577409638554,WILL_CROSS_1
81931,82085.0,IRCTC,20211215,851.2,867.4,848.0,851.2,2762485.0,2364769300.35,72430.0,DOWN,-0.45,828.7642857142857,848.852380952381,2151.555,2300.844610778443,WILL_CROSS_1
82533,87812.0,IRCTC,20211216,857.05,860.8,841.35,852.15,2918474.0,2480360944.9,68211.0,UP,0.11,830.842857142857,845.5714285714284,2088.42,2292.2214285714285,WILL_CROSS_1
83054,93067.0,IRCTC,20211217,850.0,851.9,825.45,832.4,4227183.0,3529436334.45,115508.0,DOWN,-2.32,834.8857142857142,842.1809523809524,2021.746,2283.5834319526625,WILL_CROSS_1
83295,108906.0,IRCTC,20211220,807.0,825.7,780.7,794.1,7418777.0,5890534342.2,269284.0,DOWN,-4.6,834.8107142857143,837.5833333333331,1948.361,2274.8217647058823,WILL_CROSS_1
83908,113720.0,IRCTC,20211221,805.0,818.85,800.0,814.75,3613582.0,2928624070.7,88733.0,UP,2.6,835.0107142857142,834.1547619047617,1870.838,2266.2833333333333,WILL_CROSS_1
84299,119977.0,IRCTC,20211222,820.0,842.6,819.0,839.75,3721795.0,3089072486.25,88983.0,UP,3.07,836.3321428571428,831.6285714285713,1790.1019999999999,2257.989534883721,WILL_CROSS_1
84739,126176.0,IRCTC,20211223,846.7,847.35,834.2,841.35,2917612.0,2454561013.5,63682.0,UP,0.19,837.8642857142858,830.6071428571429,1711.4779999999998,2249.800867052023,WILL_CROSS_1
84996,131444.0,IRCTC,20211224,841.0,842.8,828.5,837.2,2502607.0,2091919185.1,54948.0,DOWN,-0.49,840.4214285714286,829.257142857143,1631.8769999999997,2241.682471264368,WILL_CROSS_1
85867,148251.0,IRCTC,20211227,823.0,840.0,823.0,839.0,2640676.0,2200501787.5,65900.0,UP,0.22,841.5607142857142,830.0166666666668,1550.0810000000001,2233.667142857143,WILL_CROSS_1
86368,153540.0,IRCTC,20211228,840.7,876.6,840.55,863.5,8220616.0,7111865068.0,174005.0,UP,2.92,842.425,834.1928571428573,1458.08,2225.8821022727275,WILL_CROSS_1
86886,160264.0,IRCTC,20211229,859.45,864.0,847.0,849.35,3670117.0,3132904906.9,87820.0,DOWN,-1.64,841.8892857142856,836.7738095238095,1357.5130000000001,2218.1050847457627,WILL_CROSS_1
87195,165988.0,IRCTC,20211230,846.7,847.8,831.1,833.0,3488161.0,2920966485.65,82711.0,DOWN,-1.93,840.1071428571429,837.7761904761904,1265.076,2210.323595505618,WILL_CROSS_1
87640,170735.0,IRCTC,20211231,834.9,840.0,829.15,831.75,2712460.0,2261872948.55,72688.0,DOWN,-0.15,838.1821428571428,838.2761904761904,1193.0240000000001,2202.6220670391062,WILL_CROSS_1
88003,14588.0,IRCTC,20220103,831.9,850.0,830.35,845.65,3501695.0,2941523121.35,81184.0,UP,1.67,837.5107142857142,839.5023809523811,1118.472,2195.0833333333335,WILL_CROSS_1
88807,20307.0,IRCTC,20220104,850.0,853.7,843.3,848.05,2496924.0,2121394269.8,59197.0,UP,0.28,837.2857142857143,841.7238095238096,1042.982,2187.6411602209946,WILL_CROSS_1
89180,26058.0,IRCTC,20220105,845.0,847.1,828.0,840.6,3312721.0,2773487785.5,85868.0,DOWN,-0.88,836.4607142857143,842.5595238095239,979.347,2180.2398351648353,WILL_CROSS_1
89360,31315.0,IRCTC,20220106,825.0,847.9,825.0,843.25,2842824.0,2381144376.75,80886.0,UP,0.32,837.2357142857144,842.1714285714285,912.422,2172.9338797814207,WILL_CROSS_1
89890,37563.0,IRCTC,20220107,843.25,888.0,842.45,860.95,12254034.0,10687148687.65,261202.0,UP,2.1,842.0107142857142,842.3666666666667,847.038,2165.8035326086956,WILL_CROSS_1
90627,56705.0,IRCTC,20220110,862.5,878.75,862.5,873.45,4778546.0,4165556387.3,138868.0,UP,1.45,846.2035714285714,843.104761904762,846.237,2158.817837837838,WILL_CROSS_1
91106,62005.0,IRCTC,20220111,875.0,883.0,859.15,862.4,3257687.0,2843218476.6,98066.0,DOWN,-1.27,847.8214285714286,843.2809523809525,846.571,2151.8478494623655,CROSSED_1_BUT_NOT_2
91316,67256.0,IRCTC,20220112,868.8,869.4,848.25,861.25,3419540.0,2936911595.05,90779.0,DOWN,-0.13,849.2428571428571,843.5761904761904,846.687,2144.9462566844923,CROSSED_1_BUT_NOT_2
92137,72991.0,IRCTC,20220113,861.25,874.0,853.05,868.15,3384510.0,2929931190.25,94226.0,UP,0.8,851.4535714285714,844.3833333333333,847.086,2138.1547872340425,CROSSED_1_BUT_NOT_2
92535,77332.0,IRCTC,20220114,863.9,908.0,856.7,902.7,14072932.0,12622599788.95,321407.0,UP,3.98,856.0035714285715,846.7904761904763,848.743,2131.6179894179895,CROSSED_1_BUT_NOT_2
92796,94037.0,IRCTC,20220117,910.0,918.65,891.25,897.35,6834869.0,6193257199.35,166612.0,DOWN,-0.59,858.4214285714287,849.8833333333333,850.245,2125.121842105263,CROSSED_1_BUT_NOT_2
93300,99810.0,IRCTC,20220118,899.9,904.2,855.9,861.1,5857768.0,5134923406.05,182707.0,DOWN,-4.04,859.2607142857142,853.0738095238097,850.81,2118.503926701571,CROSSED_1_BUT_NOT_2
93821,104619.0,IRCTC,20220119,863.5,877.95,850.3,875.95,4437914.0,3837717036.5,111023.0,UP,1.72,862.3285714285714,855.9880952380954,851.2090000000001,2112.032291666667,CROSSED_1_BUT_NOT_2
94679,109389.0,IRCTC,20220120,875.75,885.0,865.65,880.4,3262969.0,2862014917.9,83499.0,UP,0.51,865.8035714285714,857.9238095238096,851.82,2105.6507772020723,CROSSED_1_BUT_NOT_2
95179,114691.0,IRCTC,20220121,873.0,881.0,855.0,861.7,3915909.0,3397700187.85,110211.0,DOWN,-2.12,866.95,858.8928571428571,852.1080000000001,2099.2386597938143,CROSSED_1_BUT_NOT_2
95466,132417.0,IRCTC,20220124,859.5,860.15,805.0,809.8,7654105.0,6294360365.9,294831.0,DOWN,-6.02,864.217857142857,857.5880952380952,851.0070000000001,2092.6261538461536,CROSSED_1_BUT_NOT_2
95722,138198.0,IRCTC,20220125,809.0,833.0,784.8,829.9,5090144.0,4156208357.5,155470.0,UP,2.48,863.4535714285713,857.1547619047619,849.5369999999999,2086.183673469388,CROSSED_1_BUT_NOT_2
96622,148736.0,IRCTC,20220127,818.6,824.4,803.0,813.8,4740612.0,3849213803.9,157350.0,DOWN,-1.94,861.35,854.7880952380953,847.3919999999999,2079.7248730964466,CROSSED_1_BUT_NOT_2
97075,154514.0,IRCTC,20220128,825.75,860.0,817.0,844.6,5541007.0,4694233329.15,132533.0,UP,3.78,860.1821428571429,854.5619047619048,846.212,2073.486868686869,CROSSED_1_BUT_NOT_2
97558,171221.0,IRCTC,20220131,855.0,880.95,849.6,868.0,4650001.0,4046801916.1,113714.0,UP,2.77,859.7928571428572,856.2285714285714,845.7589999999999,2067.429145728643,CROSSED_1_BUT_NOT_2
97638,2169.0,IRCTC,20220201,894.6,899.9,848.6,856.9,11012459.0,9629921795.75,266196.0,DOWN,-1.28,859.4,857.4261904761905,845.1619999999999,2061.3765,CROSSED_1_BUT_NOT_2
98158,8352.0,IRCTC,20220202,863.0,868.0,857.0,860.9,2531086.0,2182801747.7,72839.0,UP,0.47,859.375,858.1523809523808,844.5240000000001,2057.771,CROSSED_1_BUT_NOT_2
98763,14103.0,IRCTC,20220203,860.5,871.85,857.0,860.65,2603770.0,2252490915.5,70447.0,DOWN,-0.03,858.8392857142857,858.7523809523809,844.4810000000001,2054.0159999999996,CROSSED_1_BUT_NOT_2
99129,19371.0,IRCTC,20220204,861.0,865.5,851.25,855.75,2105561.0,1806142920.35,60856.0,DOWN,-0.57,855.4857142857143,859.4738095238096,844.285,2050.25425,CROSSED_1_BUT_NOT_2
99805,37076.0,IRCTC,20220207,858.75,868.55,830.0,835.6,4119747.0,3475255369.55,119511.0,DOWN,-2.35,851.0749999999999,859.1095238095239,844.5360000000001,2046.295,CROSSED_1_BUT_NOT_2
100104,44287.0,IRCTC,20220208,842.5,848.6,821.5,838.05,3851680.0,3220794212.05,100550.0,UP,0.29,849.4285714285714,858.0190476190477,845.781,2042.42175,CROSSED_1_BUT_NOT_2
100972,50477.0,IRCTC,20220209,859.0,868.4,845.1,849.95,6791815.0,5798608443.55,148381.0,UP,1.42,847.5714285714286,856.9000000000001,846.877,2038.47125,CROSSED_1_BUT_NOT_2
101069,56218.0,IRCTC,20220210,855.0,855.15,840.3,845.9,2569073.0,2174074470.4,70970.0,DOWN,-0.48,845.1071428571429,856.1142857142856,847.556,2034.3355,WILL_CROSS_1
101634,61518.0,IRCTC,20220211,835.5,841.95,825.0,830.75,2582020.0,2154591531.75,86584.0,DOWN,-1.79,842.8964285714285,854.6619047619048,847.7460000000001,2029.92925,WILL_CROSS_1
102444,76845.0,IRCTC,20220214,819.5,819.95,792.35,798.35,4917765.0,3976317515.1,196760.0,DOWN,-3.9,842.0785714285714,851.3380952380952,847.315,2025.2667500000002,WILL_CROSS_1
102598,82567.0,IRCTC,20220215,805.0,823.0,791.5,820.5,4358562.0,3523299879.85,124391.0,UP,2.77,841.407142857143,847.4238095238096,847.697,2020.40325,WILL_CROSS_1
103415,88294.0,IRCTC,20220216,830.8,838.0,820.2,825.0,2883449.0,2391604532.5,71496.0,UP,0.55,842.2071428571428,843.9785714285715,847.7360000000001,2015.549,WILL_CROSS_1
103783,93549.0,IRCTC,20220217,829.95,834.0,820.0,821.85,2350333.0,1944362366.3,59030.0,DOWN,-0.38,840.5821428571428,842.1095238095238,847.145,2010.6954999999998,WILL_CROSS_1
104056,99322.0,IRCTC,20220218,818.0,827.3,813.05,816.35,1905006.0,1563419803.25,47610.0,DOWN,-0.67,836.8928571428571,839.2714285714285,846.335,2005.8202500000002,WILL_CROSS_1
104920,114204.0,IRCTC,20220221,810.0,816.0,796.0,803.4,3000870.0,2417808111.75,98586.0,DOWN,-1.59,833.0714285714286,835.604761904762,845.2439999999999,2001.0095,WILL_CROSS_1
105015,120462.0,IRCTC,20220222,781.0,799.35,780.0,789.6,4301060.0,3398081856.95,166574.0,DOWN,-1.72,827.9785714285715,832.1714285714285,843.862,1996.1065000000003,WILL_CROSS_1
105742,126662.0,IRCTC,20220223,799.9,819.0,795.0,814.35,4772916.0,3868747415.3,94191.0,UP,3.13,824.6714285714286,832.3880952380953,843.0479999999999,1991.56,WILL_CROSS_1
105914,131930.0,IRCTC,20220224,775.0,794.35,735.0,738.05,10021435.0,7654178370.45,437643.0,DOWN,-9.37,816.2642857142857,828.0142857142857,840.785,1986.6242499999998,WILL_CROSS_1
106415,137711.0,IRCTC,20220225,770.0,803.5,768.0,800.0,7097351.0,5618542502.55,171627.0,UP,8.39,813.7214285714286,827.3571428571429,839.742,1982.15725,WILL_CROSS_1
106918,154027.0,IRCTC,20220228,780.3,812.0,780.2,809.35,4654745.0,3715692488.35,112434.0,UP,1.17,811.6714285714287,825.6785714285714,839.281,1977.4607500000002,WILL_CROSS_1
107462,10259.0,IRCTC,20220302,795.0,815.8,795.0,808.8,3010826.0,2431354880.8,81521.0,DOWN,-0.07,808.7321428571429,822.8595238095239,839.575,1972.5432500000002,WILL_CROSS_1
108123,16041.0,IRCTC,20220303,822.0,822.0,796.85,799.65,2962409.0,2392950216.1,78908.0,DOWN,-1.13,805.4285714285714,820.1333333333333,839.273,1967.8084999999999,WILL_CROSS_1
108428,21761.0,IRCTC,20220304,780.0,780.2,730.0,747.25,15395743.0,11587653881.9,437146.0,DOWN,-6.55,799.4642857142857,814.7214285714286,837.423,1962.8065,WILL_CROSS_1
109269,39970.0,IRCTC,20220307,740.0,740.0,708.4,718.0,6257302.0,4501427160.55,251293.0,DOWN,-3.91,793.725,807.9285714285714,834.956,1957.5859999999998,WILL_CROSS_1
109359,46694.0,IRCTC,20220308,718.0,728.95,709.05,718.05,4872109.0,3498783470.95,148675.0,UP,0.01,786.407142857143,801.3714285714285,832.573,1952.001,WILL_CROSS_1
110111,52371.0,IRCTC,20220309,730.95,738.6,719.05,735.05,4485413.0,3273143711.75,133547.0,UP,2.37,779.9821428571429,796.5833333333334,830.4940000000001,1946.3857500000001,WILL_CROSS_1
110377,58147.0,IRCTC,20220310,762.0,772.0,750.0,758.1,5542997.0,4222875303.6,146283.0,UP,3.14,775.4285714285714,792.7761904761904,828.3860000000001,1940.898,WILL_CROSS_1
110948,63446.0,IRCTC,20220311,754.3,765.0,748.0,757.75,2461743.0,1864956392.65,67865.0,DOWN,-0.05,771.2428571428571,788.3857142857142,826.554,1935.37675,WILL_CROSS_1
111303,79725.0,IRCTC,20220314,743.0,762.85,738.55,752.85,3574348.0,2687778185.7,107731.0,DOWN,-0.65,767.6321428571429,783.9547619047619,824.9509999999999,1929.7185,WILL_CROSS_1
112252,84959.0,IRCTC,20220315,759.0,769.9,751.05,756.4,3053279.0,2325073942.45,81913.0,UP,0.47,765.2607142857142,780.4142857142857,823.444,1923.9607499999997,WILL_CROSS_1
112712,90187.0,IRCTC,20220316,768.0,773.6,764.4,768.25,2456680.0,1886845676.45,65574.0,UP,1.57,761.9678571428573,778.9809523809524,821.8960000000001,1918.3317499999998,WILL_CROSS_1
113252,95478.0,IRCTC,20220317,776.25,779.6,767.15,770.45,2471381.0,1912271509.55,69762.0,UP,0.29,764.2821428571427,776.597619047619,820.3439999999999,1912.54225,WILL_CROSS_1
113523,116629.0,IRCTC,20220321,773.05,782.7,768.0,770.75,2165538.0,1676334821.35,59548.0,UP,0.04,762.1928571428571,774.0142857142857,818.947,1906.9147500000001,WILL_CROSS_1
113873,122854.0,IRCTC,20220322,774.0,774.0,752.1,765.8,2670547.0,2033366842.7,73773.0,DOWN,-0.64,759.0821428571428,771.3452380952381,817.398,1901.22775,WILL_CROSS_1
114489,128556.0,IRCTC,20220323,772.0,785.6,763.0,766.45,3000265.0,2322455501.9,71631.0,UP,0.08,756.0571428571428,768.9690476190475,815.5079999999999,1895.5870000000002,WILL_CROSS_1
114807,133857.0,IRCTC,20220324,766.4,779.4,760.3,772.5,1803315.0,1389353896.75,46983.0,UP,0.79,754.1178571428571,767.497619047619,813.4889999999999,1889.85975,WILL_CROSS_1
115710,139638.0,IRCTC,20220325,779.0,779.25,768.0,770.05,1756340.0,1358843624.05,46465.0,DOWN,-0.32,755.7464285714286,766.5666666666666,811.6419999999999,1884.101,WILL_CROSS_1
116074,156908.0,IRCTC,20220328,771.0,776.95,758.6,766.25,2500762.0,1921429958.65,52670.0,DOWN,-0.49,759.1928571428572,764.2761904761905,809.742,1878.32375,WILL_CROSS_1
116411,162656.0,IRCTC,20220329,769.0,775.75,766.0,767.6,2496305.0,1922476718.5,48269.0,UP,0.18,762.7321428571429,765.6833333333334,807.7309999999999,1871.6877500000003,WILL_CROSS_1
117110,168343.0,IRCTC,20220330,773.0,795.0,769.0,789.55,5002096.0,3932986474.35,109822.0,UP,2.86,766.625,765.1857142857143,805.4680000000001,1864.91125,WILL_CROSS_1
117502,172171.0,IRCTC,20220331,791.05,792.75,773.0,774.7,2496423.0,1949179989.8,65436.0,DOWN,-1.88,767.8107142857143,763.5357142857143,803.015,1858.42875,WILL_CROSS_1
118181,699.0,IRCTC,20220401,777.0,802.65,775.55,798.2,4160527.0,3298227660.25,94790.0,UP,3.03,770.6999999999999,763.0309523809524,801.7570000000001,1851.888,WILL_CROSS_1
118421,17927.0,IRCTC,20220404,803.95,837.7,803.0,832.7,5650502.0,4620932860.6,142867.0,UP,4.32,776.4035714285714,764.604761904762,800.8919999999999,1845.58275,WILL_CROSS_1
118983,24613.0,IRCTC,20220405,840.85,840.95,819.45,822.35,3480544.0,2884087721.7,87143.0,DOWN,-1.24,781.1142857142858,768.1809523809525,799.7309999999999,1839.3725,WILL_CROSS_1
119635,29890.0,IRCTC,20220406,820.0,828.95,787.75,791.95,5400080.0,4352933585.9,135583.0,DOWN,-3.7,782.8071428571428,771.702380952381,798.336,1832.8425,WILL_CROSS_1
119924,36105.0,IRCTC,20220407,795.85,801.0,784.0,787.75,3337181.0,2642535016.15,89725.0,DOWN,-0.53,784.0428571428572,775.0214285714285,797.895,1826.3315,WILL_CROSS_1
120393,42816.0,IRCTC,20220408,791.85,799.8,789.05,790.35,1715933.0,1361619105.9,51495.0,UP,0.33,785.4428571428572,777.6547619047619,797.104,1820.03125,WILL_CROSS_1
121065,60073.0,IRCTC,20220411,790.35,809.0,790.35,801.4,2482781.0,1987689318.6,59938.0,UP,1.4,787.9857142857143,779.7166666666666,796.8560000000001,1813.9797499999997,WILL_CROSS_1
121428,65810.0,IRCTC,20220412,801.4,801.95,776.4,783.6,2743228.0,2153563884.9,87954.0,DOWN,-2.22,789.2107142857143,780.9476190476191,795.6360000000001,1807.5135,WILL_CROSS_1
121872,71566.0,IRCTC,20220413,790.0,793.7,778.0,780.3,1501647.0,1180528739.45,46669.0,DOWN,-0.42,789.7678571428571,782.2547619047618,793.882,1801.0,WILL_CROSS_1
122189,97875.0,IRCTC,20220418,778.0,778.0,757.3,767.2,2339997.0,1788951835.15,80031.0,DOWN,-1.68,789.5642857142857,782.7690476190477,792.0880000000001,1794.44475,WILL_CROSS_1
122859,103627.0,IRCTC,20220419,771.05,778.0,745.3,752.75,2121322.0,1620553394.95,77698.0,DOWN,-1.88,788.6,782.0309523809525,789.925,1787.84375,WILL_CROSS_1
123515,107962.0,IRCTC,20220420,755.0,761.5,742.85,747.6,2149320.0,1614886904.75,66104.0,DOWN,-0.68,787.1714285714286,780.9428571428571,787.664,1781.2375,WILL_CROSS_1
123961,113231.0,IRCTC,20220421,757.8,761.3,751.15,759.65,1365751.0,1034044146.4,41044.0,UP,1.61,785.0357142857143,780.4142857142857,785.742,1774.6470000000002,WILL_CROSS_1
124308,118988.0,IRCTC,20220422,751.25,766.0,751.0,755.2,1361764.0,1033805651.1,46244.0,DOWN,-0.59,783.6428571428571,779.9095238095239,784.1339999999999,1768.01375,WILL_CROSS_1
124829,136259.0,IRCTC,20220425,745.0,754.45,740.0,745.6,1579619.0,1179628938.9,60054.0,DOWN,-1.27,779.8857142857144,778.9166666666666,782.285,1761.5725,WILL_CROSS_1
125361,142511.0,IRCTC,20220426,749.0,762.8,749.0,761.05,1581369.0,1201261242.3,48273.0,UP,2.07,774.7678571428571,778.3714285714286,780.507,1755.20375,WILL_CROSS_1
125634,147301.0,IRCTC,20220427,755.0,758.55,742.1,748.5,1666186.0,1246836169.3,53741.0,DOWN,-1.65,769.4928571428571,777.3452380952381,778.559,1748.6435000000001,WILL_CROSS_1
126315,153048.0,IRCTC,20220428,756.7,761.0,744.1,757.4,1902979.0,1433314274.05,45462.0,UP,1.19,767.025,776.9238095238095,777.092,1741.5625,WILL_CROSS_1
127044,159272.0,IRCTC,20220429,759.95,766.65,745.0,745.95,1428538.0,1076884290.95,47855.0,DOWN,-1.51,764.0392857142858,775.8928571428571,776.044,1734.4477500000003,WILL_CROSS_1
127175,10748.0,IRCTC,20220502,740.0,742.7,730.15,737.5,1299170.0,956519876.05,48539.0,DOWN,-1.13,760.2642857142857,773.4142857142857,774.3839999999999,1727.1930000000002,WILL_CROSS_1
127935,22717.0,IRCTC,20220504,740.0,744.7,719.15,721.65,1654040.0,1204847155.65,71151.0,DOWN,-2.15,754.5678571428572,770.8880952380953,772.317,1719.8317499999998,WILL_CROSS_1
128101,27965.0,IRCTC,20220505,729.95,732.6,714.2,717.2,1245236.0,901218390.85,49947.0,DOWN,-0.62,749.8249999999999,767.0309523809525,770.2239999999999,1712.3715,WILL_CROSS_1
128998,33721.0,IRCTC,20220506,710.0,710.95,700.0,704.55,2164692.0,1524578950.85,105693.0,DOWN,-1.76,744.4142857142858,760.9285714285714,767.988,1704.57975,WILL_CROSS_1
129053,52862.0,IRCTC,20220509,699.0,702.45,684.25,690.75,1879751.0,1299622773.85,77296.0,DOWN,-1.96,738.9535714285714,754.6619047619048,765.735,1696.66125,WILL_CROSS_1
130034,59105.0,IRCTC,20220510,688.75,698.8,675.0,678.75,1497882.0,1031634179.3,63689.0,DOWN,-1.74,733.6678571428572,749.2714285714286,763.518,1688.723,WILL_CROSS_1
130278,69163.0,IRCTC,20220512,653.0,653.0,618.0,620.65,3756193.0,2368777496.25,135889.0,DOWN,-8.56,724.6,741.3142857142857,759.6440000000001,1680.48475,WILL_CROSS_1
130772,74931.0,IRCTC,20220513,626.0,661.0,626.0,651.8,3683558.0,2396724107.8,93968.0,UP,5.02,716.8964285714285,734.7166666666666,757.919,1671.6104999999998,WILL_CROSS_1
131327,90681.0,IRCTC,20220516,657.85,659.85,639.55,653.75,2251248.0,1460419838.8,69765.0,UP,0.3,709.6499999999999,727.6857142857143,754.9939999999999,1662.7567499999998,WILL_CROSS_1
132023,96439.0,IRCTC,20220517,655.45,687.0,650.55,683.15,2795767.0,1863910209.65,76524.0,UP,4.5,705.1892857142858,722.902380952381,752.47,1654.2692500000003,WILL_CROSS_1
132378,101719.0,IRCTC,20220518,686.2,692.65,668.6,671.75,2385266.0,1624754736.75,66633.0,DOWN,-1.67,698.8107142857143,717.7333333333333,749.7289999999999,1645.80225,WILL_CROSS_1
132768,106531.0,IRCTC,20220519,644.0,661.45,644.0,654.85,2189389.0,1432141894.95,68437.0,DOWN,-2.52,692.1214285714285,712.3833333333333,746.8329999999999,1637.44975,WILL_CROSS_1
133196,111799.0,IRCTC,20220520,670.0,670.0,656.0,662.25,1380474.0,913614294.15,41462.0,UP,1.13,685.3249999999999,708.0738095238095,745.1329999999999,1629.1945,WILL_CROSS_1
133923,129050.0,IRCTC,20220523,665.0,676.4,651.55,653.25,2459723.0,1632847852.1,59570.0,DOWN,-1.36,678.7035714285713,703.5809523809523,743.8379999999999,1620.983,WILL_CROSS_1
134258,134819.0,IRCTC,20220524,659.65,659.65,639.0,651.15,2143475.0,1385842608.4,57737.0,DOWN,-0.32,672.5357142857143,698.4142857142857,742.5,1612.8205000000003,WILL_CROSS_1
135006,140599.0,IRCTC,20220525,655.0,658.25,637.0,647.45,2333806.0,1505580877.5,59627.0,DOWN,-0.57,667.2357142857143,693.2833333333333,740.748,1604.4522499999998,WILL_CROSS_1
135043,145387.0,IRCTC,20220526,648.0,652.0,625.25,639.4,2987486.0,1899391875.15,69465.0,DOWN,-1.24,661.6785714285713,688.2261904761904,738.3739999999999,1595.99275,WILL_CROSS_1
135592,151146.0,IRCTC,20220527,649.0,665.0,648.0,652.45,2191764.0,1433450633.05,46028.0,UP,2.04,657.9571428571428,683.0547619047619,736.268,1586.9105000000002,WILL_CROSS_1
136282,168838.0,IRCTC,20220530,663.5,713.0,662.85,695.1,7812575.0,5401065756.0,145755.0,UP,6.54,658.2678571428571,680.5119047619048,735.113,1578.04675,WILL_CROSS_1
136761,173133.0,IRCTC,20220531,705.0,711.0,677.35,692.65,8925215.0,6168091919.45,160223.0,DOWN,-0.35,659.2607142857142,677.4285714285714,733.8380000000001,1569.0542500000001,WILL_CROSS_1
137139,4529.0,IRCTC,20220601,692.65,698.85,685.05,687.8,2016185.0,1394784921.35,45990.0,DOWN,-0.7,664.0571428571428,674.6595238095238,732.2289999999999,1560.05525,WILL_CROSS_1
137854,9763.0,IRCTC,20220602,687.0,692.1,671.6,673.1,2332416.0,1583747915.2,61779.0,DOWN,-2.14,665.5785714285714,671.592857142857,730.2820000000002,1550.1797499999998,WILL_CROSS_1
138278,15545.0,IRCTC,20220603,681.0,685.0,664.3,665.4,2642554.0,1775354025.2,58343.0,DOWN,-1.14,666.4107142857143,668.9142857142857,728.175,1540.30875,WILL_CROSS_1
138768,32758.0,IRCTC,20220606,665.0,665.0,648.15,657.9,1819887.0,1193876663.95,47994.0,DOWN,-1.13,664.6071428571429,666.0904761904762,726.0169999999999,1530.737,WILL_CROSS_1
139246,39473.0,IRCTC,20220607,657.0,665.0,650.0,654.7,1587641.0,1042843167.75,38632.0,DOWN,-0.49,663.3892857142856,663.7166666666666,723.7820000000002,1520.5615,WILL_CROSS_1
139525,46197.0,IRCTC,20220608,654.7,663.3,645.0,647.6,1797454.0,1171054371.65,50335.0,DOWN,-1.08,662.8714285714286,661.6619047619048,721.2840000000001,1510.496,WILL_CROSS_1
140254,51874.0,IRCTC,20220609,644.45,651.9,641.45,649.5,1149323.0,743468463.75,32552.0,UP,0.29,661.9607142857143,660.2690476190476,718.873,1500.5955000000001,WILL_CROSS_1
140751,57650.0,IRCTC,20220610,642.0,649.8,641.15,644.65,982264.0,633504481.6,33510.0,DOWN,-0.75,661.3464285714286,661.4119047619048,716.441,1490.4707499999997,WILL_CROSS_1
141307,74434.0,IRCTC,20220613,635.0,635.0,621.7,626.65,2000311.0,1254780091.45,84318.0,DOWN,-2.79,659.5964285714284,660.2142857142857,713.622,1480.00875,WILL_CROSS_1
141711,79228.0,IRCTC,20220614,624.0,635.0,619.5,623.2,1952853.0,1221502227.95,54556.0,DOWN,-0.55,657.8642857142858,658.7595238095239,710.295,1469.89325,WILL_CROSS_1
142507,84462.0,IRCTC,20220615,624.95,632.45,622.2,623.35,971460.0,608043114.3,38427.0,UP,0.02,656.7178571428573,655.9119047619048,707.268,1460.2395,WILL_CROSS_1
142823,89690.0,IRCTC,20220616,633.6,633.95,597.2,600.1,2867076.0,1753470765.8,122452.0,DOWN,-3.73,652.9785714285715,652.5,703.3059999999999,1450.4160000000002,WILL_CROSS_1
143491,94981.0,IRCTC,20220617,599.0,601.05,581.45,594.35,3552167.0,2106507606.55,77072.0,DOWN,-0.96,645.782142857143,649.6190476190476,698.539,1440.20525,WILL_CROSS_1
143846,110833.0,IRCTC,20220620,590.0,597.9,568.45,574.25,2426937.0,1406789190.4,72571.0,DOWN,-3.38,637.3249999999999,645.4285714285714,693.577,1429.9679999999998,WILL_CROSS_1
144233,116132.0,IRCTC,20220621,578.0,603.0,574.05,599.85,3366401.0,1982882507.25,72755.0,UP,4.46,631.0428571428572,642.8857142857144,689.735,1419.72375,WILL_CROSS_1
144521,122357.0,IRCTC,20220622,597.7,597.7,584.15,589.8,1686383.0,993485407.2,41578.0,DOWN,-1.68,625.0928571428573,639.9642857142857,685.776,1409.1840000000002,WILL_CROSS_1
145457,128059.0,IRCTC,20220623,589.8,595.8,581.9,589.5,2026544.0,1193983249.85,47842.0,DOWN,-0.05,619.6714285714286,637.204761904762,681.7589999999999,1398.3715000000002,WILL_CROSS_1
145923,133361.0,IRCTC,20220624,592.05,599.95,590.6,596.5,1938626.0,1154305889.1,38449.0,UP,1.19,615.2857142857143,635.1619047619048,677.661,1387.6227500000002,WILL_CROSS_1
146060,150180.0,IRCTC,20220627,605.05,615.0,602.5,613.0,2296044.0,1397333286.15,62638.0,UP,2.77,612.3071428571428,633.2833333333334,674.2489999999999,1376.5380000000002,WILL_CROSS_1
146910,156412.0,IRCTC,20220628,610.55,623.5,603.8,620.05,2017990.0,1239736826.1,42605.0,UP,1.15,610.3392857142857,629.7095238095238,671.0440000000001,1365.28875,WILL_CROSS_1
147181,162160.0,IRCTC,20220629,612.0,614.95,597.0,601.15,2143251.0,1300819327.6,59901.0,DOWN,-3.05,606.8857142857142,625.3523809523809,667.7230000000001,1353.2525,WILL_CROSS_1
147738,167385.0,IRCTC,20220630,601.15,603.9,575.0,576.2,3232913.0,1892640095.65,108748.0,DOWN,-4.15,601.9964285714286,620.0380952380953,664.192,1339.6989999999998,WILL_CROSS_1
148066,3563.0,IRCTC,20220701,576.2,585.8,575.7,579.2,1928361.0,1117928594.5,52802.0,UP,0.52,598.6071428571429,615.5666666666667,660.824,1326.1129999999998,WILL_CROSS_1
148986,20798.0,IRCTC,20220704,581.5,586.5,572.0,575.4,1698911.0,979752376.55,51039.0,DOWN,-0.66,595.1928571428572,611.2809523809525,657.1389999999999,1312.515,WILL_CROSS_1
149466,27002.0,IRCTC,20220705,579.0,583.8,570.0,570.85,1576894.0,910592039.05,51857.0,DOWN,-0.79,591.4428571428572,607.1357142857142,653.452,1298.1905,WILL_CROSS_1
149800,32259.0,IRCTC,20220706,570.85,579.15,557.0,577.3,2751283.0,1563612432.65,64018.0,UP,1.13,589.8142857142857,603.45,650.086,1282.38475,WILL_CROSS_1
150072,38507.0,IRCTC,20220707,584.3,588.0,578.1,582.65,2197534.0,1280250247.05,57559.0,UP,0.93,588.9785714285715,600.3571428571429,646.518,1266.8867500000001,WILL_CROSS_1
150524,45231.0,IRCTC,20220708,586.0,591.0,583.4,589.0,1642440.0,965563464.85,51778.0,UP,1.09,590.032142857143,597.4761904761905,643.328,1250.51475,WILL_CROSS_1
151155,62496.0,IRCTC,20220711,587.6,594.65,583.75,592.9,1443087.0,851619780.25,34387.0,UP,0.66,589.5357142857143,595.0119047619048,640.038,1234.93975,WILL_CROSS_1
151862,68199.0,IRCTC,20220712,589.0,601.2,582.35,590.25,1990023.0,1180717776.9,52439.0,DOWN,-0.45,589.5678571428572,593.2785714285715,636.924,1219.76825,WILL_CROSS_1
152230,73935.0,IRCTC,20220713,593.0,605.6,591.3,592.8,2991446.0,1787291969.3,66833.0,UP,0.43,589.8035714285714,591.8309523809525,634.03,1204.37575,WILL_CROSS_1
152735,78276.0,IRCTC,20220714,594.95,597.85,581.0,585.7,1831386.0,1073730312.35,48683.0,DOWN,-1.2,589.032142857143,590.0380952380953,631.311,1188.834,WILL_CROSS_1
153058,83510.0,IRCTC,20220715,589.0,594.4,586.1,591.25,1140354.0,672628711.35,28498.0,UP,0.95,587.4785714285715,589.6166666666666,628.7919999999999,1173.344,WILL_CROSS_1
153976,100302.0,IRCTC,20220718,595.8,605.0,595.25,604.0,2221750.0,1334190403.65,42718.0,UP,2.16,586.3321428571428,590.0761904761904,626.781,1157.1895,WILL_CROSS_1
154305,105565.0,IRCTC,20220719,600.0,611.5,599.0,607.75,2129099.0,1289007647.05,45864.0,UP,0.62,586.8035714285714,591.6714285714285,625.121,1140.9002500000001,WILL_CROSS_1
154823,110334.0,IRCTC,20220720,615.95,617.4,606.45,608.15,1599889.0,980102090.3,39342.0,UP,0.07,589.0857142857142,592.0666666666666,623.7090000000001,1125.09025,WILL_CROSS_1
155029,115182.0,IRCTC,20220721,608.0,612.9,603.15,607.85,1622641.0,986243036.65,43746.0,DOWN,-0.05,591.1321428571429,592.9261904761904,623.453,1109.137,WILL_CROSS_1
155871,121407.0,IRCTC,20220722,610.65,616.8,607.05,609.75,1465991.0,895615218.6,37459.0,UP,0.31,593.5857142857143,593.8904761904762,622.612,1093.21775,WILL_CROSS_1
156221,138689.0,IRCTC,20220725,609.3,610.8,596.05,599.3,1288536.0,777144238.65,36997.0,DOWN,-1.71,595.6178571428571,594.0238095238095,621.5229999999999,1076.16975,WILL_CROSS_1
156922,144421.0,IRCTC,20220726,597.6,598.9,591.0,596.05,1549042.0,921735253.1,33812.0,DOWN,-0.54,596.9571428571428,593.2166666666666,619.7810000000001,1058.3195,WILL_CROSS_1
157377,149681.0,IRCTC,20220727,593.0,602.25,588.8,600.95,1176622.0,700719964.5,28146.0,UP,0.82,598.2642857142857,592.3071428571429,618.365,1039.0075,WILL_CROSS_1
157719,155459.0,IRCTC,20220728,604.1,606.85,598.1,602.5,1600700.0,965539291.0,33557.0,UP,0.26,599.2285714285715,592.3714285714286,617.318,1018.5655,WILL_CROSS_1
158178,161207.0,IRCTC,20220729,606.0,640.0,605.2,637.1,6964646.0,4374393634.85,122498.0,UP,5.74,602.3857142857142,595.2714285714285,616.815,997.36825,WILL_CROSS_1
158934,1195.0,IRCTC,20220801,646.35,647.9,632.75,641.9,3068787.0,1964066297.2,61171.0,UP,0.75,606.075,598.257142857143,616.588,976.715,WILL_CROSS_1
159216,7378.0,IRCTC,20220802,639.5,654.9,632.0,647.95,3211110.0,2075386095.2,66280.0,UP,0.94,610.0142857142857,601.7119047619047,616.524,955.8685,WILL_CROSS_1
159854,13129.0,IRCTC,20220803,645.35,648.65,635.0,642.15,1638012.0,1049221227.45,38863.0,DOWN,-0.9,614.0464285714286,605.1071428571428,616.418,934.43525,WILL_CROSS_1
160387,18876.0,IRCTC,20220804,645.0,649.4,631.05,639.0,1794443.0,1149362643.7,45045.0,DOWN,-0.49,617.4571428571428,608.045238095238,616.41,910.3125,CROSSED_1_BUT_NOT_2
160956,25562.0,IRCTC,20220805,640.65,647.2,637.8,642.35,1225071.0,787037921.55,34260.0,UP,0.52,620.1964285714286,610.8880952380953,616.208,884.1357499999999,CROSSED_1_BUT_NOT_2
161134,43312.0,IRCTC,20220808,643.0,661.0,642.4,658.5,3886443.0,2542639027.45,77777.0,UP,2.51,623.8214285714286,614.197619047619,615.476,860.1540000000001,CROSSED_1_BUT_NOT_2
161529,55244.0,IRCTC,20220810,663.25,677.5,654.2,673.15,5461816.0,3649500375.2,101468.0,UP,2.22,628.4642857142857,618.0190476190476,615.086,841.3480000000001,CROSSED_1_BUT_NOT_2
162421,61023.0,IRCTC,20220811,688.0,691.35,652.3,670.1,8853819.0,5943269982.15,151974.0,DOWN,-0.45,632.9107142857143,621.8214285714286,614.732,821.83225,CROSSED_1_BUT_NOT_2
162713,66760.0,IRCTC,20220812,670.2,684.95,663.7,666.45,4080911.0,2753811843.25,73379.0,DOWN,-0.54,636.9607142857142,625.3285714285714,614.599,802.0517499999999,CROSSED_1_BUT_NOT_2
163209,87319.0,IRCTC,20220816,669.8,676.0,666.0,668.15,1596822.0,1068924428.4,37015.0,UP,0.26,641.8785714285715,629.254761904762,614.654,785.2807500000001,CROSSED_1_BUT_NOT_2
163809,92574.0,IRCTC,20220817,668.95,676.0,668.15,671.65,1526304.0,1025833307.25,33721.0,UP,0.52,647.2785714285714,633.0833333333334,614.929,767.6915000000001,CROSSED_1_BUT_NOT_2
164163,98826.0,IRCTC,20220818,674.0,723.0,673.0,714.15,10273793.0,7191583170.05,160365.0,UP,6.33,655.3642857142858,638.3285714285714,616.118,750.6115,CROSSED_1_BUT_NOT_2
164814,104123.0,IRCTC,20220819,706.9,752.75,697.15,735.15,25609355.0,18857250760.35,425718.0,UP,2.94,664.8392857142857,644.3952380952381,617.8689999999999,749.7197499999999,CROSSED_1_BUT_NOT_2
165363,119484.0,IRCTC,20220822,719.0,726.5,703.2,712.5,9845889.0,7032092509.85,184099.0,DOWN,-3.08,670.225,649.3642857142858,619.1289999999999,749.05375,CROSSED_1_BUT_NOT_2
165929,125683.0,IRCTC,20220823,703.0,719.0,698.3,714.95,4889154.0,3479210628.5,85385.0,UP,0.34,675.4428571428572,654.4642857142857,620.535,748.35125,CROSSED_1_BUT_NOT_2
166213,130951.0,IRCTC,20220824,714.95,729.0,708.15,724.3,4455258.0,3196864468.75,81682.0,UP,1.31,680.8964285714285,659.9190476190477,622.4879999999999,747.73175,CROSSED_1_BUT_NOT_2
166532,137215.0,IRCTC,20220825,729.9,733.75,715.0,717.0,3528550.0,2557326752.2,68864.0,DOWN,-1.01,686.2428571428571,665.5238095238095,624.3639999999999,747.2175,CROSSED_1_BUT_NOT_2
167221,143467.0,IRCTC,20220826,720.0,727.75,716.1,718.65,1996839.0,1440372492.35,39479.0,UP,0.23,691.9321428571428,671.3619047619047,626.27,746.6995,CROSSED_1_BUT_NOT_2
167840,159770.0,IRCTC,20220829,666.0,697.0,666.0,691.8,5290429.0,3641896339.6,117908.0,DOWN,-3.74,695.4642857142857,675.6880952380952,628.104,745.9942500000001,CROSSED_1_BUT_NOT_2
168456,165494.0,IRCTC,20220830,699.95,713.85,696.2,710.75,3375748.0,2383459394.15,67799.0,UP,2.74,699.1964285714286,680.842857142857,630.432,745.268,CROSSED_1_BUT_NOT_2
168922,6425.0,IRCTC,20220901,707.0,716.85,703.2,707.05,2309164.0,1638122525.7,51290.0,DOWN,-0.52,701.6178571428571,684.1738095238096,633.088,744.554,CROSSED_1_BUT_NOT_2
169293,12176.0,IRCTC,20220902,713.9,726.2,710.15,712.65,3497693.0,2514324295.7,67028.0,UP,0.79,704.6571428571427,687.5428571428571,635.344,743.8807499999999,CROSSED_1_BUT_NOT_2
169484,28930.0,IRCTC,20220905,716.25,721.45,710.0,710.9,1573079.0,1122952997.15,34684.0,DOWN,-0.25,707.8321428571428,690.5404761904762,637.766,743.1110000000001,CROSSED_1_BUT_NOT_2
170210,35144.0,IRCTC,20220906,714.9,717.65,705.2,708.3,1471443.0,1044587125.8,31775.0,DOWN,-0.37,710.6999999999999,693.6904761904761,640.142,742.1355,CROSSED_1_BUT_NOT_2
170554,41855.0,IRCTC,20220907,707.0,711.5,701.6,706.45,1244503.0,878521408.9,34868.0,DOWN,-0.26,713.1857142857142,696.902380952381,642.341,741.0625,CROSSED_1_BUT_NOT_2
171229,48584.0,IRCTC,20220908,713.2,724.0,709.15,714.8,2501592.0,1792241809.5,51632.0,UP,1.18,713.2321428571429,700.3523809523809,644.3770000000001,740.1185,CROSSED_1_BUT_NOT_2
171713,54290.0,IRCTC,20220909,718.5,721.45,710.0,711.8,1383138.0,988819453.8,32712.0,DOWN,-0.42,711.5642857142857,702.8904761904762,646.212,739.2242499999999,CROSSED_1_BUT_NOT_2
172051,70605.0,IRCTC,20220912,715.0,725.0,713.5,721.3,2318918.0,1670659618.2,52462.0,UP,1.33,712.1928571428572,705.1833333333334,648.615,738.3969999999999,CROSSED_1_BUT_NOT_2
